﻿{
   "CodeGenerationMode": 2,
   "ContextClassName": "LogisticaFirplackBDContext",
   "ContextNamespace": null,
   "DefaultDacpacSchema": null,
   "FilterSchemas": false,
   "IncludeConnectionString": false,
   "ModelNamespace": null,
   "OutputContextPath": null,
   "OutputPath": "Models",
   "PreserveCasingWithRegex": true,
   "ProjectRootNamespace": "Firplak.Domain",
   "Schemas": null,
   "SelectedHandlebarsLanguage": 2,
   "SelectedToBeGenerated": 0,
   "T4TemplatePath": null,
   "Tables": [
      {
         "Name": "[dbo].[AsignacionBodega]",
         "ObjectType": 0
      },
      {
         "Name": "[dbo].[Bodega]",
         "ObjectType": 0
      },
      {
         "Name": "[dbo].[Cliente]",
         "ObjectType": 0
      },
      {
         "Name": "[dbo].[Entrega]",
         "ObjectType": 0
      },
      {
         "Name": "[dbo].[Fabricacion]",
         "ObjectType": 0
      },
      {
         "Name": "[dbo].[Factura]",
         "ObjectType": 0
      },
      {
         "Name": "[dbo].[GuiaTransporte]",
         "ObjectType": 0
      },
      {
         "Name": "[dbo].[Indicadores]",
         "ObjectType": 0
      },
      {
         "Name": "[dbo].[LineaPedido]",
         "ObjectType": 0
      },
      {
         "Name": "[dbo].[Pedido]",
         "ObjectType": 0
      },
      {
         "Name": "[dbo].[PruebaEntrega]",
         "ObjectType": 0
      },
      {
         "Name": "[dbo].[Trazabilidad]",
         "ObjectType": 0
      }
   ],
   "UiHint": "laptop-fl2bh7dt.LogisticaFirplackBD.dbo",
   "UncountableWords": null,
   "UseBoolPropertiesWithoutDefaultSql": false,
   "UseDatabaseNames": true,
   "UseDateOnlyTimeOnly": false,
   "UseDbContextSplitting": false,
   "UseDecimalDataAnnotationForSprocResult": true,
   "UseFluentApiOnly": true,
   "UseHandleBars": false,
   "UseHierarchyId": false,
   "UseInflector": false,
   "UseLegacyPluralizer": false,
   "UseManyToManyEntity": false,
   "UseNoDefaultConstructor": false,
   "UseNoNavigations": false,
   "UseNoObjectFilter": true,
   "UseNodaTime": false,
   "UseNullableReferences": false,
   "UseSchemaFolders": false,
   "UseSchemaNamespaces": false,
   "UseSpatial": false,
   "UseT4": false
}